gx,gz,nodata_count,inner_samples,nodata_pct,valid_min_m,valid_max_m,valid_mean_m,nearby_valid_mean_m
-100,159,2874,4096,70.17,-1.6,-1.6,-1.6,-1.6
-101,159,1024,4096,25.0,-1.6,-1.6,-1.6,-1.6
-101,160,4011,4096,97.92,-1.6,-1.6,-1.6,-1.6
-102,160,1433,4096,34.99,-1.6,-1.6,-1.6,-1.6
-102,161,4063,4096,99.19,-1.6,-1.6,-1.6,-1.6
-103,130,20,4096,0.49,8.0,14.0,12.17,13.52
-103,161,1737,4096,42.41,-1.6,-1.6,-1.6,-1.6
-103,162,4093,4096,99.93,-1.6,-1.6,-1.6,-1.6
-104,162,2067,4096,50.46,-1.6,-1.6,-1.6,-1.6
-105,162,20,4096,0.49,-1.6,-1.6,-1.6,-1.6
-105,163,3279,4096,80.05,-1.6,-1.6,-1.6,-1.6
-106,163,1103,4096,26.93,-1.6,-1.6,-1.6,-1.6
-107,164,3470,4096,84.72,-1.6,-1.6,-1.6,-1.6
-108,130,24,4096,0.59,4.6,11.5,6.65,8.15
-108,164,3649,4096,89.09,-1.6,-1.6,-1.6,-1.6
-109,164,2482,4096,60.6,-1.6,-1.6,-1.6,-1.6
-10,51,25,4096,0.61,-1.6,3.0,-0.23,0.17
-110,130,47,4096,1.15,4.6,8.7,6.04,6.53
-110,164,228,4096,5.57,-1.6,-1.6,-1.6,-1.6
-110,165,3415,4096,83.37,-1.6,-1.6,-1.6,-1.6
-111,165,715,4096,17.46,-1.6,-1.6,-1.6,-1.6
-111,166,3954,4096,96.53,-1.6,-1.6,-1.6,-1.6
-112,166,1819,4096,44.41,-1.6,-1.6,-1.6,-1.6
-113,166,1348,4096,32.91,-1.6,-1.6,-1.6,-1.6
-114,166,2104,4096,51.37,-1.6,-1.6,-1.6,-1.6
-115,166,2773,4096,67.7,-1.6,-1.6,-1.6,-1.6
-116,166,1145,4096,27.95,-1.6,-1.6,-1.6,-1.6
-118,167,79,4096,1.93,-1.6,-1.6,-1.6,-1.6
-118,168,2654,4096,64.79,-1.6,-1.6,-1.6,-1.6
-119,168,15,4096,0.37,-1.6,-1.6,-1.6,-1.6
-119,169,2063,4096,50.37,-1.6,-1.6,-1.6,-1.6
-119,170,4085,4096,99.73,-1.6,-1.6,-1.6,-1.6
-120,170,1476,4096,36.04,-1.6,-1.6,-1.6,-1.6
-121,171,737,4096,17.99,-1.6,-1.6,-1.6,-1.6
-121,172,2880,4096,70.31,-1.6,-1.6,-1.6,-1.6
-128,130,13,4096,0.32,6.5,14.1,10.87,10.33
-129,173,2370,4096,57.86,-1.6,-1.6,-1.6,-1.6
-130,173,2846,4096,69.48,-1.6,-1.6,-1.6,-1.6
-131,173,2698,4096,65.87,-1.6,-1.6,-1.6,-1.6
-132,173,1413,4096,34.5,-1.6,-1.6,-1.6,-1.6
-133,173,217,4096,5.3,-1.6,-1.6,-1.6,-1.6
-135,130,20,4096,0.49,-0.5,7.3,2.75,0.92
-135,177,169,4096,4.13,-1.6,-1.6,-1.6,-1.6
-13,51,37,4096,0.9,-1.6,-1.6,-1.6,-1.6
-146,182,250,4096,6.1,-1.6,-1.6,-1.6,-1.6
-147,182,861,4096,21.02,-1.6,-1.6,-1.6,-1.6
-148,182,65,4096,1.59,-1.6,-1.6,-1.6,-1.6
-148,183,3837,4096,93.68,-1.6,-1.6,-1.6,-1.6
-149,183,2819,4096,68.82,-1.6,-1.6,-1.6,-1.6
-150,183,1903,4096,46.46,-1.6,-1.6,-1.6,-1.6
-151,183,612,4096,14.94,-1.6,-1.6,-1.6,-1.6
-151,184,3803,4096,92.85,-1.6,-1.6,-1.6,-1.6
-152,184,737,4096,17.99,-1.6,-1.6,-1.6,-1.6
-152,185,3725,4096,90.94,-1.6,-1.6,-1.6,-1.6
-153,185,686,4096,16.75,-1.6,-1.6,-1.6,-1.6
-1,108,633,4096,15.45,-1.6,-1.6,-1.6,-1.6
-21,1,95,4096,2.32,-1.6,-1.6,-1.6,-1.6
-22,1,3580,4096,87.4,-1.6,-1.6,-1.6,-1.6
-22,2,1591,4096,38.84,-1.6,-1.6,-1.6,-1.6
-22,3,72,4096,1.76,-1.6,-1.6,-1.6,-1.6
-23,3,3530,4096,86.18,-1.6,-1.6,-1.6,-1.6
-23,4,1522,4096,37.16,-1.6,-1.6,-1.6,-1.6
-23,5,53,4096,1.29,-1.6,-1.6,-1.6,-1.6
-24,5,3480,4096,84.96,-1.6,-1.6,-1.6,-1.6
-24,6,1451,4096,35.42,-1.6,-1.6,-1.6,-1.6
-24,7,42,4096,1.03,-1.6,-1.6,-1.6,-1.6
-26,10,1318,4096,32.18,-1.6,-1.6,-1.6,-1.6
-26,11,20,4096,0.49,-1.6,-1.6,-1.6,-1.6
-27,94,46,4096,1.12,-1.6,-1.6,-1.6,-1.6
-2,108,3279,4096,80.05,-1.6,-1.6,-1.6,-1.6
-2,109,89,4096,2.17,-1.6,-1.6,-1.6,-1.6
-2,117,335,4096,8.18,-1.6,-1.6,-1.6,-1.6
-3,109,2472,4096,60.35,-1.6,-1.6,-1.6,-1.6
-3,110,761,4096,18.58,-1.6,-1.6,-1.6,-1.6
-3,111,318,4096,7.76,-1.6,-1.6,-1.6,-1.6
-3,112,9,4096,0.22,-1.6,-1.6,-1.6,-1.6
-3,115,638,4096,15.58,-1.6,-1.6,-1.6,-1.6
-3,116,2453,4096,59.89,-1.6,-1.6,-1.6,-1.6
-42,113,36,4096,0.88,-1.6,-1.6,-1.6,-1.6
-54,127,470,4096,11.47,-1.6,-1.6,-1.6,-1.6
-58,51,19,4096,0.46,-1.3,-1.3,-1.3,-1.3
-59,131,26,4096,0.63,-1.6,-1.6,-1.6,-1.6
-62,131,24,4096,0.59,0.4,4.0,1.93,1.3
-65,131,20,4096,0.49,0.7,1.5,0.77,0.76
-67,139,1213,4096,29.61,-1.6,-1.6,-1.6,-1.6
-74,144,1486,4096,36.28,-1.6,-1.6,-1.6,-1.6
-78,149,54,4096,1.32,-1.6,-1.6,-1.6,-1.6
-78,150,1674,4096,40.87,-1.6,-1.6,-1.6,-1.6
-7,92,18,4096,0.44,-1.6,-1.6,-1.6,-1.6
-90,152,1772,4096,43.26,-1.6,-1.6,-1.6,-1.6
-91,152,1939,4096,47.34,-1.6,-1.6,-1.6,-1.6
-92,152,87,4096,2.12,-1.6,-1.6,-1.6,-1.6
-92,153,2842,4096,69.38,-1.6,-1.6,-1.6,-1.6
-93,153,87,4096,2.12,-1.6,-1.6,-1.6,-1.6
-93,154,2278,4096,55.62,-1.6,-1.6,-1.6,-1.6
-93,155,4084,4096,99.71,-1.6,-1.6,-1.6,-1.6
-94,155,1287,4096,31.42,-1.6,-1.6,-1.6,-1.6
-95,156,1078,4096,26.32,-1.6,-1.6,-1.6,-1.6
-95,157,4071,4096,99.39,-1.6,-1.6,-1.6,-1.6
-96,157,2304,4096,56.25,-1.6,-1.6,-1.6,-1.6
-97,157,137,4096,3.34,-1.6,-1.6,-1.6,-1.6
-97,158,3445,4096,84.11,-1.6,-1.6,-1.6,-1.6
-98,158,1666,4096,40.67,-1.6,-1.6,-1.6,-1.6
-99,158,309,4096,7.54,-1.6,-1.6,-1.6,-1.6
-99,159,4009,4096,97.88,-1.6,-1.6,-1.6,-1.6
100,-177,638,4096,15.58,44.6,48.5,46.5,46.4
100,124,2372,4096,57.91,-1.6,-1.6,-1.6,-1.6
101,-177,1024,4096,25.0,25.4,47.6,37.4,37.05
101,-178,3832,4096,93.55,29.4,29.4,29.4,29.4
101,124,3419,4096,83.47,-1.6,-1.6,-1.6,-1.6
102,-178,1740,4096,42.48,20.0,29.7,26.85,24.84
102,-179,4095,4096,99.98,20.3,20.5,20.38,20.35
102,123,431,4096,10.52,-1.6,-1.6,-1.6,-1.6
102,124,4087,4096,99.78,-1.6,-1.6,-1.6,-1.6
103,-179,444,4096,10.84,20.0,23.7,22.66,22.22
103,-180,1916,4096,46.78,21.3,25.8,22.96,23.13
103,-181,3686,4096,89.99,21.7,22.7,22.2,22.21
103,123,2652,4096,64.75,-1.6,-1.6,-1.6,-1.6
104,-181,144,4096,3.52,20.5,23.6,22.33,22.46
104,-182,1148,4096,28.03,23.3,23.6,23.45,23.45
104,-183,3580,4096,87.4,23.3,23.9,23.59,23.58
104,122,1075,4096,26.25,-1.6,-1.6,-1.6,-1.6
104,123,4095,4096,99.98,-1.6,-1.6,-1.6,-1.6
105,-183,197,4096,4.81,21.1,24.4,23.79,23.14
105,-184,2555,4096,62.38,23.6,24.6,24.36,24.37
105,121,16,4096,0.39,-1.6,-1.6,-1.6,-1.6
105,122,3250,4096,79.35,-1.6,-1.6,-1.6,-1.6
106,-184,510,4096,12.45,20.7,24.7,22.86,23.13
106,121,1351,4096,32.98,-1.6,-1.6,-1.6,-1.6
107,-184,56,4096,1.37,18.5,27.5,25.19,25.47
107,-185,2941,4096,71.8,22.1,27.7,24.79,24.75
107,120,65,4096,1.59,-1.6,-1.6,-1.6,-1.6
107,121,3470,4096,84.72,-1.6,-1.6,-1.6,-1.6
108,-185,212,4096,5.18,22.1,25.8,23.4,23.48
108,-186,3338,4096,81.49,23.4,27.9,25.66,25.71
108,120,1627,4096,39.72,-1.6,-1.6,-1.6,-1.6
109,-182,243,4096,5.93,31.1,43.0,38.12,38.94
109,-183,381,4096,9.3,28.2,34.5,30.52,30.45
109,-186,444,4096,10.84,25.8,32.2,28.86,28.52
109,119,134,4096,3.27,-1.6,-1.6,-1.6,-1.6
109,120,3644,4096,88.96,-1.6,-1.6,-1.6,-1.6
10,-29,26,4096,0.63,4.2,9.7,8.49,8.23
110,-182,2157,4096,52.66,39.4,49.8,45.12,44.37
110,-183,3818,4096,93.21,29.6,32.5,30.77,30.94
110,-184,1582,4096,38.62,30.8,38.4,34.59,35.39
110,-185,14,4096,0.34,30.4,40.5,37.26,37.63
110,119,1827,4096,44.6,-1.6,-1.6,-1.6,-1.6
111,-181,271,4096,6.62,49.5,53.4,51.17,51.19
111,-182,3887,4096,94.9,47.6,51.4,50.15,50.27
111,118,228,4096,5.57,-1.6,-1.6,-1.6,-1.6
111,119,3763,4096,91.87,-1.6,-1.6,-1.6,-1.6
112,-181,2149,4096,52.47,40.7,50.8,47.32,47.71
112,118,2143,4096,52.32,-1.6,-1.6,-1.6,-1.6
113,-180,361,4096,8.81,38.6,41.5,39.31,39.07
113,-181,3906,4096,95.36,39.5,43.6,40.87,40.89
113,117,410,4096,10.01,-1.6,-0.9,-1.6,-1.6
113,118,3947,4096,96.36,-1.6,-1.6,-1.6,-1.6
114,-180,3525,4096,86.06,38.7,40.7,39.29,39.5
114,117,2181,4096,53.25,-1.6,-1.6,-1.6,-1.6
115,-179,41,4096,1.0,40.6,44.6,43.0,43.96
115,-180,4061,4096,99.15,40.7,44.4,41.87,42.08
115,116,210,4096,5.13,-1.6,-0.7,-1.59,-1.6
115,117,3840,4096,93.75,-1.6,-1.6,-1.6,-1.6
116,-177,380,4096,9.28,42.3,44.2,42.81,42.73
116,-178,1310,4096,31.98,42.9,44.2,43.63,43.56
116,-179,2490,4096,60.79,44.0,44.6,44.51,44.48
116,116,1815,4096,44.31,-1.6,-1.6,-1.6,-1.6
117,-172,385,4096,9.4,35.4,38.0,36.9,36.9
117,-173,38,4096,0.93,35.1,36.8,35.81,35.58
117,-174,437,4096,10.67,36.3,40.6,38.5,38.02
117,-175,1771,4096,43.24,39.4,41.2,40.38,40.31
117,-176,3117,4096,76.1,40.7,42.7,41.84,41.64
117,-177,4057,4096,99.05,42.2,42.4,42.3,42.27
117,116,3404,4096,83.11,-1.6,-1.6,-1.6,-1.6
118,-170,729,4096,17.8,41.7,44.4,43.36,43.55
118,-171,3494,4096,85.3,37.8,42.2,40.33,40.17
118,-173,3912,4096,95.51,35.4,36.5,36.11,36.03
118,-174,4070,4096,99.37,36.2,36.5,36.33,36.33
118,115,565,4096,13.79,-1.6,-1.6,-1.6,-1.6
118,116,4094,4096,99.95,-1.6,-1.6,-1.6,-1.6
119,-170,2425,4096,59.2,37.4,43.2,41.58,41.4
119,115,2057,4096,50.22,-1.6,-1.6,-1.6,-1.6
120,-169,190,4096,4.64,27.5,37.9,31.27,30.32
120,-170,3888,4096,94.92,32.4,39.4,36.16,36.02
120,114,94,4096,2.29,-1.6,-1.6,-1.6,-1.6
120,115,3699,4096,90.31,-1.6,-1.6,-1.6,-1.6
121,-169,1549,4096,37.82,21.9,28.9,25.93,26.68
121,114,1421,4096,34.69,-1.6,-1.6,-1.6,-1.6
122,-169,3047,4096,74.39,14.9,24.0,19.28,19.08
122,114,3133,4096,76.49,-1.6,-1.6,-1.6,-1.6
123,-168,587,4096,14.33,9.0,18.7,14.74,14.73
123,-169,4073,4096,99.44,14.4,15.2,14.66,14.64
123,113,704,4096,17.19,-1.6,-1.6,-1.6,-1.6
124,-168,2287,4096,55.83,3.8,12.3,7.13,7.72
124,113,2225,4096,54.32,-1.6,-1.6,-1.6,-1.6
125,-167,102,4096,2.49,2.9,4.5,3.49,3.3
125,-168,3804,4096,92.87,3.3,4.0,3.71,3.59
125,112,57,4096,1.39,-1.6,-1.6,-1.6,-1.6
125,113,3697,4096,90.26,-1.6,-1.6,-1.6,-1.6
126,-168,1288,4096,31.45,3.2,3.5,3.3,3.3
126,112,1170,4096,28.56,-1.6,-1.6,-1.6,-1.6
127,-168,1700,4096,41.5,-1.6,3.5,1.17,1.64
127,112,2714,4096,66.26,-1.6,-1.6,-1.6,-1.6
128,-168,3108,4096,75.88,2.3,4.9,3.88,3.82
128,111,266,4096,6.49,-1.6,-1.6,-1.6,-1.6
129,-167,459,4096,11.21,4.2,5.7,4.71,4.8
129,-168,4070,4096,99.37,4.7,4.9,4.82,4.83
129,111,1644,4096,40.14,-1.6,-1.6,-1.6,-1.6
130,-167,1830,4096,44.68,5.0,7.4,6.62,6.4
130,100,1272,4096,31.05,-1.6,-1.6,-1.6,-1.6
130,101,1325,4096,32.35,-1.6,-1.6,-1.6,-1.6
130,102,1378,4096,33.64,-1.6,-1.6,-1.6,-1.6
130,103,1431,4096,34.94,-1.6,4.0,-0.57,0.3
130,104,1485,4096,36.25,-1.6,6.2,2.36,3.21
130,105,1538,4096,37.55,1.6,2.3,1.98,1.98
130,106,1600,4096,39.06,1.6,2.9,2.26,2.32
130,107,1655,4096,40.41,1.4,3.8,2.76,2.56
130,108,1708,4096,41.7,2.7,4.7,3.7,3.48
130,109,1761,4096,42.99,-1.6,4.4,0.24,-0.36
130,110,1814,4096,44.29,-1.6,-1.6,-1.6,-1.6
130,111,3371,4096,82.3,-1.6,-1.6,-1.6,-1.6
130,77,7,4096,0.17,0.2,3.1,1.38,0.72
130,78,64,4096,1.56,0.2,3.0,1.41,1.39
130,79,124,4096,3.03,0.6,3.1,1.55,2.39
130,80,177,4096,4.32,0.6,2.9,1.22,1.53
130,81,230,4096,5.62,-0.4,1.7,0.62,1.08
130,82,283,4096,6.91,-0.6,2.5,0.76,0.9
130,83,337,4096,8.23,-0.9,2.7,1.26,0.49
130,84,390,4096,9.52,0.0,2.4,1.39,0.7
130,85,448,4096,10.94,0.7,2.5,1.62,1.52
130,86,507,4096,12.38,1.2,2.8,1.8,1.9
130,87,560,4096,13.67,0.5,2.9,1.83,1.62
130,88,613,4096,14.97,-1.6,2.1,0.84,-0.38
130,89,666,4096,16.26,-1.6,1.6,-0.28,-1.55
130,90,719,4096,17.55,-1.6,2.1,-0.35,-1.6
130,91,772,4096,18.85,-1.6,2.4,-0.45,-1.11
130,92,832,4096,20.31,-1.6,2.2,-0.43,-1.6
130,93,890,4096,21.73,-1.6,2.7,-1.06,-1.6
130,94,943,4096,23.02,-1.6,2.4,-1.48,-1.6
130,95,996,4096,24.32,-1.6,-1.6,-1.6,-1.6
130,96,1049,4096,25.61,-1.6,-1.6,-1.6,-1.6
130,97,1102,4096,26.9,-1.6,-1.6,-1.6,-1.6
131,-167,3188,4096,77.83,4.0,7.0,5.7,5.54
132,-166,550,4096,13.43,2.7,11.6,7.58,8.19
132,-167,4081,4096,99.63,4.0,4.4,4.07,4.15
133,-108,1960,4096,47.85,-0.7,6.8,3.17,2.01
133,-109,2059,4096,50.27,-0.7,5.7,3.49,2.1
133,-110,2005,4096,48.95,4.2,6.2,5.43,5.03
133,-111,1951,4096,47.63,2.0,6.5,4.51,3.44
133,-112,1897,4096,46.31,-1.6,4.6,1.66,-0.6
133,-113,1843,4096,45.0,-1.6,2.7,-1.45,-1.6
133,-114,1789,4096,43.68,-1.6,-1.6,-1.6,-1.6
133,-115,1728,4096,42.19,-1.6,-1.6,-1.6,-1.6
133,-116,1671,4096,40.8,-1.6,-1.6,-1.6,-1.6
133,-117,1617,4096,39.48,-1.6,-1.6,-1.6,-1.6
133,-118,1563,4096,38.16,-1.6,-1.6,-1.6,-1.6
133,-119,1509,4096,36.84,-1.6,-1.6,-1.6,-1.6
133,-120,1455,4096,35.52,-1.6,0.4,-1.58,-1.6
133,-121,1401,4096,34.2,-1.6,-0.6,-1.58,-1.6
133,-122,1344,4096,32.81,-1.6,-1.6,-1.6,-1.6
133,-123,1283,4096,31.32,-1.6,-1.6,-1.6,-1.6
133,-124,1229,4096,30.0,-1.6,6.6,1.36,0.85
133,-125,1175,4096,28.69,-1.6,6.8,3.22,1.98
133,-126,1121,4096,27.37,-1.6,4.5,0.85,-0.7
133,-127,1067,4096,26.05,-1.6,1.9,-1.59,-1.6
133,-128,1013,4096,24.73,-1.6,-1.6,-1.6,-1.6
133,-129,959,4096,23.41,-1.6,-1.6,-1.6,-1.6
133,-130,896,4096,21.88,-1.6,-1.6,-1.6,-1.6
133,-142,236,4096,5.76,-1.6,7.0,1.54,1.78
133,-143,182,4096,4.44,0.9,8.9,4.52,4.07
133,-144,128,4096,3.12,0.9,7.3,5.08,5.99
133,-145,64,4096,1.56,-0.5,10.6,4.95,8.85
133,-146,9,4096,0.22,-0.5,8.8,3.37,5.69
133,-166,1969,4096,48.07,10.2,27.1,21.18,19.98
134,-108,3843,4096,93.82,-1.6,2.8,-1.15,-1.15
134,-149,3943,4096,96.26,0.8,2.3,1.42,1.42
134,-150,3889,4096,94.95,-0.1,1.3,0.94,0.93
134,-151,3835,4096,93.63,0.9,1.3,1.23,1.22
134,-152,3776,4096,92.19,0.5,1.3,1.13,1.15
134,-153,3717,4096,90.75,1.0,4.3,2.57,2.48
134,-154,3662,4096,89.4,3.8,5.4,4.75,4.74
134,-155,3608,4096,88.09,3.7,6.3,4.95,5.37
134,-156,3554,4096,86.77,3.5,5.6,4.45,5.21
134,-157,3500,4096,85.45,4.1,9.5,6.79,7.54
134,-158,3446,4096,84.13,8.1,13.8,10.61,11.14
134,-159,3392,4096,82.81,12.3,21.8,16.33,17.78
134,-160,3328,4096,81.25,17.6,21.9,20.7,21.45
134,-161,3273,4096,79.91,19.4,23.0,21.16,21.58
134,-162,3219,4096,78.59,20.5,24.8,22.36,22.66
134,-163,3165,4096,77.27,20.9,25.8,23.07,23.54
134,-164,3111,4096,75.95,22.3,27.8,25.2,26.04
134,-165,3057,4096,74.63,25.1,28.2,27.37,27.49
134,-166,3701,4096,90.36,26.0,27.7,27.3,27.26
135,-108,3904,4096,95.31,-1.6,2.2,-0.68,-0.71
136,-108,3961,4096,96.7,0.1,4.3,2.32,2.39
137,-108,4016,4096,98.05,3.0,4.6,3.82,3.77
137,53,1978,4096,48.29,2.4,3.8,3.09,3.45
138,-108,4071,4096,99.39,-1.6,3.1,0.19,-0.35
138,53,1920,4096,46.88,2.4,3.7,2.87,2.79
139,-107,29,4096,0.71,-1.6,-1.6,-1.6,-1.6
139,53,1859,4096,45.39,2.5,3.7,3.25,3.25
140,-107,84,4096,2.05,-1.6,-1.6,-1.6,-1.6
140,53,1804,4096,44.04,2.7,3.9,3.22,3.15
141,53,1750,4096,42.72,3.0,4.4,3.73,3.41
142,53,1695,4096,41.38,2.8,4.1,3.6,3.44
143,53,1640,4096,40.04,2.2,4.3,3.44,3.52
144,53,1584,4096,38.67,-3.8,4.8,1.99,2.36
145,53,1529,4096,37.33,-1.5,7.0,2.23,-0.87
146,53,1472,4096,35.94,-1.6,5.0,1.28,-0.74
147,53,1410,4096,34.42,-0.3,7.9,2.21,2.35
148,53,1354,4096,33.06,1.6,8.6,3.25,5.13
149,53,1299,4096,31.71,2.2,7.2,3.56,3.54
150,53,1243,4096,30.35,2.9,6.0,3.98,4.35
151,-91,12,4096,0.29,-1.6,-1.6,-1.6,-1.6
151,-92,729,4096,17.8,-1.6,-1.6,-1.6,-1.6
151,-93,1847,4096,45.09,-1.6,-1.6,-1.6,-1.6
151,53,1187,4096,28.98,2.9,7.5,4.16,4.54
152,53,1131,4096,27.61,2.8,10.3,4.59,3.95
153,53,1075,4096,26.25,3.0,5.0,3.86,3.58
154,53,1019,4096,24.88,3.2,5.9,3.83,3.83
155,53,960,4096,23.44,2.4,5.0,3.87,4.01
156,53,899,4096,21.95,3.1,5.2,3.85,3.67
157,-84,422,4096,10.3,-1.6,-1.6,-1.6,-1.6
157,53,843,4096,20.58,2.3,5.3,3.91,3.76
158,-83,2,4096,0.05,-1.6,-1.6,-1.6,-1.6
158,-84,2864,4096,69.92,-1.6,-1.6,-1.6,-1.6
158,53,787,4096,19.21,2.0,3.9,3.13,3.49
159,-83,1290,4096,31.49,-1.6,-1.6,-1.6,-1.6
159,53,730,4096,17.82,2.5,3.7,3.21,3.2
160,-82,277,4096,6.76,-1.6,-1.6,-1.6,-1.6
160,-83,3250,4096,79.35,-1.6,-1.6,-1.6,-1.6
160,53,674,4096,16.46,2.8,3.5,3.08,3.2
161,-80,338,4096,8.25,-1.6,-1.6,-1.6,-1.6
161,-81,2157,4096,52.66,-1.6,-1.6,-1.6,-1.6
161,-82,3875,4096,94.6,-1.6,-1.6,-1.6,-1.6
161,53,617,4096,15.06,2.6,3.2,2.99,2.9
162,-73,376,4096,9.18,-1.6,-1.6,-1.6,-1.6
162,-78,244,4096,5.96,-1.6,-1.6,-1.6,-1.6
162,-79,2108,4096,51.46,-1.6,-1.6,-1.6,-1.6
162,-80,3893,4096,95.04,-1.6,-1.6,-1.6,-1.6
162,53,560,4096,13.67,2.0,3.3,2.81,2.95
163,-71,308,4096,7.52,-1.6,-1.6,-1.6,-1.6
163,-72,2724,4096,66.5,-1.6,-1.6,-1.6,-1.6
163,-73,3470,4096,84.72,-1.6,-1.6,-1.6,-1.6
163,-74,115,4096,2.81,-1.6,-1.6,-1.6,-1.6
163,-75,330,4096,8.06,-1.6,-1.1,-1.6,-1.6
163,-76,1428,4096,34.86,-1.6,-1.6,-1.6,-1.6
163,-77,2553,4096,62.33,-1.6,-1.6,-1.6,-1.6
163,-78,3814,4096,93.12,-1.6,-1.6,-1.6,-1.6
163,53,503,4096,12.28,2.2,3.1,2.76,2.75
163,74,4017,4096,98.07,-1.5,-1.5,-1.5,-1.5
164,-70,1247,4096,30.44,-1.6,-1.6,-1.6,-1.6
164,-74,3835,4096,93.63,-1.6,-1.6,-1.6,-1.6
164,-75,4068,4096,99.32,-1.6,-1.6,-1.6,-1.6
164,73,3800,4096,92.77,-1.5,-1.5,-1.5,-1.5
164,74,700,4096,17.09,-1.5,-1.2,-1.5,-1.5
164,79,1140,4096,27.83,-1.5,3.5,0.3,0.33
164,80,1976,4096,48.24,-1.5,0.5,-0.92,-1.02
164,81,3616,4096,88.28,-0.1,0.8,0.08,0.17
165,-68,277,4096,6.76,-1.6,-1.6,-1.6,-1.6
165,-69,2589,4096,63.21,-1.6,-1.6,-1.6,-1.6
165,-70,4094,4096,99.95,-1.6,-1.6,-1.6,-1.6
165,72,3987,4096,97.34,-1.5,-1.5,-1.5,-1.5
165,73,996,4096,24.32,-1.5,-1.5,-1.5,-1.5
165,81,539,4096,13.16,-0.1,1.6,0.9,0.98
165,82,2525,4096,61.65,0.4,1.6,1.08,1.13
165,83,3865,4096,94.36,1.4,1.4,1.4,1.4
166,-66,255,4096,6.23,-1.6,-1.6,-1.6,-1.6
166,-67,1656,4096,40.43,-1.6,-1.6,-1.6,-1.6
166,-68,3684,4096,89.94,-1.6,-1.6,-1.6,-1.6
166,83,1684,4096,41.11,1.0,2.1,1.31,1.39
167,-65,2614,4096,63.82,-1.6,-1.6,-1.6,-1.6
167,-66,3954,4096,96.53,-1.6,-1.6,-1.6,-1.6
167,83,484,4096,11.82,-1.5,2.3,1.74,1.82
167,84,4074,4096,99.46,0.8,2.6,1.18,1.09
168,84,2973,4096,72.58,1.0,5.1,3.3,3.46
169,-60,35,4096,0.85,-1.6,-1.1,-1.6,-1.55
169,-61,2097,4096,51.2,-1.6,-1.6,-1.6,-1.6
169,84,1079,4096,26.34,-1.5,5.1,2.15,1.41
170,-60,2967,4096,72.44,-1.6,-1.6,-1.6,-1.6
170,85,3793,4096,92.6,1.2,2.1,1.88,1.89
171,-60,2271,4096,55.44,-1.6,-1.6,-1.6,-1.6
171,-61,4002,4096,97.71,-1.6,-1.6,-1.6,-1.6
171,-63,4074,4096,99.46,-1.6,-1.6,-1.6,-1.6
171,-64,3579,4096,87.38,-1.6,-1.6,-1.6,-1.6
171,-65,3095,4096,75.56,-1.6,-1.6,-1.6,-1.6
171,-66,3829,4096,93.48,-1.6,-1.6,-1.6,-1.6
171,85,3645,4096,88.99,0.9,2.4,1.5,1.57
172,-61,353,4096,8.62,-1.6,-1.6,-1.6,-1.6
172,-62,842,4096,20.56,-1.6,-1.6,-1.6,-1.6
172,-63,189,4096,4.61,-1.6,-1.6,-1.6,-1.6
172,-66,42,4096,1.03,-1.6,-1.6,-1.6,-1.6
172,-67,822,4096,20.07,-1.6,-1.6,-1.6,-1.6
172,-68,2118,4096,51.71,-1.6,-1.6,-1.6,-1.6
172,-69,3870,4096,94.48,-1.6,-1.6,-1.6,-1.6
172,85,2721,4096,66.43,0.2,2.6,1.53,1.55
173,-69,312,4096,7.62,-1.6,-1.6,-1.6,-1.6
173,-70,2229,4096,54.42,-1.6,-1.6,-1.6,-1.6
173,-71,4073,4096,99.44,-1.6,-1.6,-1.6,-1.6
173,85,2133,4096,52.08,1.3,1.7,1.54,1.54
174,-71,3131,4096,76.44,-1.6,-1.6,-1.6,-1.6
174,85,2041,4096,49.83,1.7,2.7,2.23,2.23
175,-71,2124,4096,51.86,-1.6,-1.6,-1.6,-1.6
175,101,3578,4096,87.35,-1.5,-1.5,-1.5,-1.5
175,84,7,4096,0.17,2.0,2.7,2.3,2.31
175,85,3336,4096,81.45,2.2,2.7,2.34,2.37
176,-71,1147,4096,28.0,-1.6,-1.6,-1.6,-1.6
176,100,3754,4096,91.65,-1.5,-1.5,-1.5,-1.5
176,101,545,4096,13.31,-1.5,-1.5,-1.5,-1.5
176,84,1055,4096,25.76,2.2,2.8,2.5,2.44
177,-71,2012,4096,49.12,-1.6,-1.5,-1.6,-1.6
177,100,1018,4096,24.85,-1.5,-1.5,-1.5,-1.5
177,84,2936,4096,71.68,2.0,3.1,2.46,2.57
177,99,4025,4096,98.27,-1.5,-1.5,-1.5,-1.5
178,-70,1244,4096,30.37,-1.6,-0.9,-1.11,-1.11
178,-71,4070,4096,99.37,-1.6,-1.6,-1.6,-1.6
178,60,3933,4096,96.02,-1.5,-1.5,-1.5,-1.5
178,61,3237,4096,79.03,-1.5,-1.5,-1.5,-1.5
178,62,2505,4096,61.16,-1.5,-1.5,-1.5,-1.5
178,84,2183,4096,53.3,2.7,7.2,4.32,4.74
178,85,4087,4096,99.78,7.1,7.2,7.19,7.19
178,99,1760,4096,42.97,-1.5,-1.5,-1.5,-1.5
179,-69,570,4096,13.92,-1.0,1.9,-0.22,-0.46
179,-70,3781,4096,92.31,-1.1,-0.9,-0.98,-0.99
179,54,3666,4096,89.5,0.6,3.0,1.23,1.32
179,58,3435,4096,83.86,0.9,2.0,1.6,1.55
179,59,790,4096,19.29,1.2,2.2,1.7,1.71
179,60,44,4096,1.07,-1.5,2.0,-0.8,-0.74
179,85,699,4096,17.07,7.0,7.9,7.51,7.44
179,86,2701,4096,65.94,7.6,8.6,8.08,8.06
179,87,4086,4096,99.76,8.1,8.3,8.25,8.22
179,98,3526,4096,86.08,-1.5,-1.5,-1.5,-1.5
179,99,10,4096,0.24,-1.5,-1.5,-1.5,-1.5
180,-68,327,4096,7.98,0.2,1.3,1.0,1.09
180,54,1936,4096,47.27,-1.5,1.3,0.57,0.74
180,55,2305,4096,56.27,0.4,2.2,1.28,1.28
180,56,2897,4096,70.73,0.2,2.7,2.25,2.35
180,57,3507,4096,85.62,-1.5,3.0,1.66,1.23
180,58,557,4096,13.6,-1.5,4.7,0.29,0.32
180,87,1044,4096,25.49,5.8,8.4,7.7,7.95
180,88,3432,4096,83.79,4.4,6.7,5.67,5.64
180,98,2401,4096,58.62,-1.5,-1.5,-1.5,-1.5
181,-67,103,4096,2.51,-0.3,3.2,1.2,1.05
181,-68,3147,4096,76.83,-0.3,1.3,0.78,0.79
181,88,88,4096,2.15,3.3,6.6,4.76,4.68
181,89,2053,4096,50.12,3.4,6.2,5.03,4.98
181,90,4053,4096,98.95,6.0,6.0,6.0,6.0
181,98,1341,4096,32.74,-1.5,-1.5,-1.5,-1.5
182,-67,2423,4096,59.16,-0.1,3.8,2.89,2.81
182,90,1656,4096,40.43,3.6,6.2,5.66,5.5
182,91,4087,4096,99.78,3.8,4.9,4.24,4.35
182,96,3844,4096,93.85,-0.2,1.9,1.34,1.21
182,97,3223,4096,78.69,1.0,2.6,2.08,2.09
182,98,708,4096,17.29,-1.5,2.2,-1.43,-1.34
183,-66,1563,4096,38.16,1.0,2.9,1.49,1.46
183,51,8,4096,0.2,0.2,0.2,0.2,0.2
183,53,792,4096,19.34,0.2,0.2,0.2,0.2
183,54,75,4096,1.83,-1.5,0.9,-1.37,-1.06
183,91,595,4096,14.53,3.0,5.6,4.41,4.5
183,92,748,4096,18.26,1.8,3.8,2.69,2.7
183,93,495,4096,12.08,1.4,2.5,2.15,2.03
183,94,240,4096,5.86,1.6,3.4,2.39,2.4
183,95,49,4096,1.2,-0.7,2.8,1.52,1.53
184,-65,671,4096,16.38,1.3,15.0,7.3,6.49
184,-66,3975,4096,97.05,1.1,2.3,1.65,1.72
184,51,260,4096,6.35,0.2,2.2,1.36,1.35
185,-64,336,4096,8.2,13.6,25.5,19.57,19.49
185,-65,3519,4096,85.91,12.0,17.2,14.3,14.38
185,51,1778,4096,43.41,1.7,2.3,2.02,1.98
186,-63,47,4096,1.15,24.6,29.9,26.9,27.32
186,-64,3012,4096,73.54,21.9,27.6,25.85,25.69
186,50,144,4096,3.52,1.7,3.0,2.3,2.4
186,51,3662,4096,89.4,1.7,2.5,2.25,2.23
187,-63,2162,4096,52.78,23.6,27.0,24.97,25.1
187,50,1549,4096,37.82,1.8,2.7,2.5,2.43
188,-62,1308,4096,31.93,20.3,24.4,22.18,22.25
188,-63,4080,4096,99.61,24.3,24.4,24.31,24.33
188,50,2509,4096,61.25,1.7,2.6,2.22,2.25
189,-61,647,4096,15.8,21.9,32.0,26.31,26.2
189,-62,3879,4096,94.7,20.7,23.8,22.23,22.32
189,49,7,4096,0.17,1.5,2.8,2.14,2.11
189,50,3474,4096,84.81,1.6,2.5,1.99,2.02
190,-60,241,4096,5.88,30.8,40.1,36.03,36.0
190,-61,3500,4096,85.45,28.8,35.8,31.87,31.81
190,49,946,4096,23.1,1.8,2.6,2.2,2.27
191,-15,97,4096,2.37,24.1,25.8,24.81,24.67
191,-59,10,4096,0.24,39.7,46.0,42.99,43.78
191,-60,2759,4096,67.36,36.6,43.5,40.44,40.44
191,49,2481,4096,60.57,1.7,2.5,2.17,2.13
192,-10,4,4096,0.1,22.4,23.5,22.71,22.87
192,-11,493,4096,12.04,22.4,23.5,22.9,22.84
192,-12,1332,4096,32.52,19.6,23.7,21.95,22.28
192,-13,2193,4096,53.54,19.7,25.3,21.48,20.95
192,-14,3140,4096,76.66,22.7,26.7,24.23,24.0
192,-15,3850,4096,93.99,24.0,26.0,25.24,25.05
192,-16,399,4096,9.74,25.0,26.4,25.49,25.53
192,-59,2036,4096,49.71,43.7,49.2,45.44,45.3
192,32,21,4096,0.51,4.7,5.8,5.33,5.26
192,33,70,4096,1.71,4.3,5.7,4.92,4.85
192,34,16,4096,0.39,4.0,10.5,5.99,6.27
192,48,201,4096,4.91,1.9,3.2,2.61,2.68
192,49,3887,4096,94.9,2.3,2.9,2.51,2.53
193,-16,2342,4096,57.18,22.6,25.9,24.09,24.34
193,-5,180,4096,4.39,19.1,22.8,20.25,20.36
193,-58,1305,4096,31.86,48.8,57.8,51.92,51.4
193,-59,4080,4096,99.61,48.7,49.5,49.13,49.13
193,-6,751,4096,18.33,19.9,22.8,22.52,22.56
193,-7,1352,4096,33.01,22.5,23.1,22.79,22.75
193,25,12,4096,0.29,7.7,9.8,8.97,8.32
193,26,847,4096,20.68,7.5,8.6,7.94,8.0
193,27,2114,4096,51.61,6.8,8.2,7.76,7.58
193,28,2913,4096,71.12,5.4,6.9,5.94,5.94
193,29,3312,4096,80.86,5.8,6.6,6.12,6.13
193,30,3392,4096,82.81,5.6,6.8,6.32,6.3
193,31,3469,4096,84.69,5.5,6.5,5.92,5.87
193,32,3963,4096,96.75,5.0,5.7,5.47,5.47
193,34,4056,4096,99.02,4.1,10.4,5.93,6.23
193,35,3171,4096,77.42,4.4,5.4,5.08,5.02
193,36,2143,4096,52.32,3.7,4.8,4.18,4.1
193,37,3483,4096,85.03,2.8,4.1,3.62,3.55
193,38,2810,4096,68.6,2.6,3.5,2.85,2.83
193,39,813,4096,19.85,2.0,2.9,2.61,2.57
193,47,7,4096,0.17,0.2,3.1,1.45,2.54
193,48,2060,4096,50.29,1.9,2.8,2.5,2.48
194,-16,3897,4096,95.14,22.2,23.8,22.97,23.04
194,-17,144,4096,3.52,22.5,25.0,23.93,23.93
194,-57,778,4096,18.99,56.0,62.0,60.48,60.97
194,-58,3871,4096,94.51,54.6,58.7,56.09,56.74
194,10,2331,4096,56.91,16.6,17.3,17.02,17.02
194,11,2625,4096,64.09,15.8,16.8,16.25,16.21
194,12,2877,4096,70.24,14.7,16.1,15.29,15.26
194,13,2892,4096,70.61,14.0,15.3,14.6,14.6
194,14,2499,4096,61.01,10.8,14.2,13.02,12.8
194,15,2249,4096,54.91,9.3,14.2,11.71,11.55
194,16,2003,4096,48.9,7.1,9.8,7.96,8.27
194,17,1681,4096,41.04,8.9,10.3,9.56,9.61
194,18,1519,4096,37.08,9.2,13.5,11.93,12.01
194,19,1597,4096,38.99,12.3,13.8,13.24,13.36
194,20,1508,4096,36.82,12.8,13.8,13.33,13.27
194,21,1290,4096,31.49,12.3,13.3,12.82,12.82
194,22,1511,4096,36.89,11.8,13.0,12.26,12.19
194,23,1963,4096,47.92,10.1,11.9,11.28,11.2
194,24,2697,4096,65.84,9.4,10.7,10.05,9.99
194,25,3695,4096,90.21,8.7,10.1,9.39,9.34
194,39,4055,4096,99.0,2.1,2.2,2.18,2.17
194,40,3123,4096,76.25,1.5,2.7,1.93,1.91
194,41,2063,4096,50.37,0.7,1.8,1.31,1.25
194,42,1511,4096,36.89,1.3,2.3,1.54,1.47
194,43,1075,4096,26.25,1.3,2.7,2.07,2.17
194,44,370,4096,9.03,1.5,2.7,2.18,2.16
194,46,537,4096,13.11,0.2,2.1,1.33,1.4
194,47,2870,4096,70.07,0.2,2.6,0.46,0.55
195,-17,1326,4096,32.37,24.0,25.6,24.81,24.68
195,-56,487,4096,11.89,57.2,60.3,58.84,58.6
195,-57,3714,4096,90.67,57.5,61.9,59.83,59.57
195,44,4087,4096,99.78,2.0,2.2,2.09,2.12
195,45,3528,4096,86.13,1.4,2.1,1.65,1.64
195,46,3986,4096,97.31,1.5,1.6,1.52,1.52
196,-17,2763,4096,67.46,24.7,25.6,25.32,25.32
196,-55,16,4096,0.39,56.9,61.1,59.2,59.18
196,-56,3072,4096,75.0,59.0,61.2,60.24,60.18
197,-17,3977,4096,97.09,24.7,25.4,25.03,25.02
197,-18,266,4096,6.49,24.7,27.0,25.95,25.89
197,-55,1966,4096,48.0,56.3,59.1,57.76,57.75
198,-18,1574,4096,38.43,26.3,27.4,26.89,26.89
198,-54,1741,4096,42.5,57.4,59.1,58.4,58.43
198,-55,4095,4096,99.98,57.4,57.5,57.47,57.48
199,-18,2738,4096,66.85,27.1,27.5,27.34,27.32
199,-53,1257,4096,30.69,58.4,61.0,59.54,59.54
199,-54,4050,4096,98.88,58.6,59.2,58.74,58.81
200,-18,3633,4096,88.7,26.1,27.3,26.66,26.6
200,-52,807,4096,19.7,59.3,66.0,63.59,63.6
200,-53,3925,4096,95.83,59.3,61.1,59.75,59.93
201,-18,4092,4096,99.9,26.3,26.4,26.35,26.35
201,-19,270,4096,6.59,26.0,27.2,26.72,26.68
201,-51,385,4096,9.4,62.7,67.3,65.27,65.6
201,-52,3633,4096,88.7,64.3,66.5,65.5,65.72
202,-19,968,4096,23.63,27.0,27.6,27.31,27.3
202,-50,102,4096,2.49,62.7,66.0,63.89,64.52
202,-51,3263,4096,79.66,62.7,64.3,62.86,62.73
203,-19,1715,4096,41.87,25.1,27.1,26.3,26.43
203,-49,6,4096,0.15,57.9,66.5,62.53,61.79
203,-50,2509,4096,61.25,62.4,66.3,64.33,64.35
204,-19,2716,4096,66.31,20.8,26.1,24.45,24.35
204,-49,1966,4096,48.0,49.7,61.9,56.62,56.75
205,-19,3818,4096,93.21,22.3,28.3,26.4,26.52
205,-20,50,4096,1.22,25.6,28.8,27.66,27.71
205,-48,1413,4096,34.5,43.9,50.2,46.88,47.1
205,-49,4076,4096,99.51,49.9,50.4,50.25,50.17
206,-20,2073,4096,50.61,28.2,28.8,28.63,28.6
206,-21,181,4096,4.42,28.2,29.1,28.67,28.67
206,-47,975,4096,23.8,41.1,44.4,42.75,42.82
206,-48,3973,4096,97.0,43.9,44.8,44.33,44.3
207,-21,3787,4096,92.46,28.7,29.4,28.87,28.87
207,-22,1985,4096,48.46,28.8,29.9,29.38,29.41
207,-23,218,4096,5.32,29.0,30.2,29.6,29.4
207,-46,636,4096,15.53,40.4,41.8,41.18,41.1
207,-47,3810,4096,93.02,41.1,41.6,41.39,41.41
208,-23,3785,4096,92.41,29.5,30.5,30.06,30.06
208,-24,1911,4096,46.66,30.1,31.5,30.68,30.75
208,-25,184,4096,4.49,30.7,32.1,31.43,31.29
208,-45,102,4096,2.49,32.5,41.3,35.53,35.65
208,-46,3330,4096,81.3,34.4,41.8,39.25,38.91
209,-25,3777,4096,92.21,31.5,31.9,31.77,31.74
209,-26,2034,4096,49.66,31.5,32.5,31.98,32.06
209,-27,207,4096,5.05,32.0,33.0,32.45,32.42
209,-45,2207,4096,53.88,32.4,39.2,37.24,36.78
210,-27,3726,4096,90.97,32.4,32.9,32.64,32.64
210,-28,1914,4096,46.73,32.6,33.5,33.01,33.06
210,-29,99,4096,2.42,32.9,33.9,33.43,33.41
210,-42,2,4096,0.05,38.5,39.5,39.1,39.27
210,-43,791,4096,19.31,38.8,39.3,39.05,39.06
210,-44,2285,4096,55.79,38.8,39.8,39.18,39.16
210,-45,4065,4096,99.24,39.0,39.0,39.0,39.0
211,-29,3548,4096,86.62,33.3,33.9,33.65,33.65
211,-30,1832,4096,44.73,33.7,34.4,34.01,33.99
211,-31,916,4096,22.36,34.2,34.9,34.45,34.49
211,-32,513,4096,12.52,34.3,35.3,34.67,34.69
211,-33,624,4096,15.23,34.1,35.7,34.91,34.8
211,-34,1015,4096,24.78,34.9,36.2,35.51,35.51
211,-35,1415,4096,34.55,35.4,36.3,35.91,35.88
211,-36,1740,4096,42.48,36.0,36.9,36.45,36.34
211,-37,1989,4096,48.56,36.4,37.6,36.99,36.99
211,-38,2190,4096,53.47,37.6,38.3,37.91,37.84
211,-39,2558,4096,62.45,37.7,38.5,38.04,37.96
211,-40,3017,4096,73.66,38.4,39.1,38.74,38.72
211,-41,3411,4096,83.28,38.9,39.6,39.25,39.23
211,-42,3807,4096,92.94,38.9,39.5,39.16,39.23
212,-28,1103,4096,26.93,31.5,33.3,32.27,32.51
212,-29,1164,4096,28.42,31.6,33.7,32.88,33.23
212,-30,1224,4096,29.88,32.8,34.2,33.48,33.59
212,-31,1285,4096,31.37,33.3,35.4,34.34,34.42
212,-32,1345,4096,32.84,34.2,35.5,34.81,34.89
212,-33,1408,4096,34.38,33.7,35.8,35.24,35.36
212,-34,1469,4096,35.86,34.6,36.5,35.38,35.6
212,-35,1530,4096,37.35,35.1,37.1,36.17,36.15
212,-36,1590,4096,38.82,36.0,37.7,36.97,36.5
212,-37,1651,4096,40.31,36.7,38.1,37.4,37.44
36,118,1270,4096,31.01,-1.6,-1.6,-1.6,-1.6
37,118,1815,4096,44.31,-1.6,-1.6,-1.6,-1.6
38,-29,28,4096,0.68,1.0,5.4,4.18,4.38
38,118,2362,4096,57.67,-1.6,-1.6,-1.6,-1.6
39,118,2902,4096,70.85,-1.6,-1.6,-1.6,-1.6
40,118,3447,4096,84.16,-1.6,-1.6,-1.6,-1.6
41,117,28,4096,0.68,-1.6,-1.6,-1.6,-1.6
41,118,3964,4096,96.78,-1.6,-1.6,-1.6,-1.6
42,117,437,4096,10.67,-1.6,-1.6,-1.6,-1.6
43,117,980,4096,23.93,-1.6,-1.6,-1.6,-1.6
44,117,1522,4096,37.16,-1.6,-1.6,-1.6,-1.6
45,117,1823,4096,44.51,-1.6,-1.6,-1.6,-1.6
51,-28,25,4096,0.61,5.6,13.3,8.99,8.4
52,-28,14,4096,0.34,9.4,19.3,14.13,12.85
70,-28,26,4096,0.63,20.3,27.7,23.42,25.53
71,-188,245,4096,5.98,31.4,44.1,34.28,35.64
71,-189,37,4096,0.9,21.8,34.7,26.18,28.44
72,-188,1612,4096,39.36,34.5,46.3,44.73,42.11
72,-189,20,4096,0.49,22.1,38.7,30.92,36.93
72,133,7,4096,0.17,-1.6,-1.6,-1.6,-1.6
73,-188,3089,4096,75.42,34.1,49.1,41.82,39.73
73,133,419,4096,10.23,-1.6,-1.6,-1.6,-1.6
74,-187,569,4096,13.89,46.4,48.9,47.79,47.83
74,-188,4001,4096,97.68,35.0,48.4,37.75,38.03
74,133,1081,4096,26.39,-1.6,-1.6,-1.6,-1.6
75,-187,2374,4096,57.96,47.1,56.8,51.72,51.14
75,-188,3968,4096,96.88,35.6,46.3,41.28,41.73
75,132,43,4096,1.05,-1.6,-0.3,-1.58,-1.6
75,133,2448,4096,59.77,-1.6,-1.6,-1.6,-1.6
76,-186,27,4096,0.66,43.2,57.6,48.96,46.11
76,-187,3874,4096,94.58,46.1,56.8,52.88,52.35
76,-188,3906,4096,95.36,31.6,38.4,34.11,34.34
76,132,221,4096,5.4,-1.6,-1.6,-1.6,-1.6
77,-186,902,4096,22.02,36.7,45.4,40.95,42.22
77,-188,3858,4096,94.19,28.3,31.7,30.2,30.39
77,132,180,4096,4.39,-1.6,-1.6,-1.6,-1.6
78,-186,2621,4096,63.99,36.7,46.0,42.46,41.7
78,132,883,4096,21.56,-1.6,-1.6,-1.6,-1.6
79,-185,402,4096,9.81,34.8,45.6,39.51,38.89
79,-186,3999,4096,97.63,42.2,45.8,44.45,44.52
79,132,1806,4096,44.09,-1.6,-1.6,-1.6,-1.6
87,129,374,4096,9.13,-1.6,-1.6,-1.6,-1.6
88,129,1818,4096,44.38,-1.6,-1.6,-1.6,-1.6
89,129,3310,4096,80.81,-1.6,-1.6,-1.6,-1.6
92,-180,520,4096,12.7,62.3,66.8,64.98,64.84
93,-180,2170,4096,52.98,63.8,66.4,65.3,65.28
94,-179,129,4096,3.15,58.9,67.7,61.35,60.95
94,-180,3788,4096,92.48,61.0,64.6,63.18,63.12
94,126,438,4096,10.69,-1.6,-1.6,-1.6,-1.6
95,-179,1456,4096,35.55,57.5,59.6,58.51,58.49
95,126,2133,4096,52.08,-1.6,-1.6,-1.6,-1.6
96,-179,3003,4096,73.32,53.6,57.9,56.32,56.2
96,125,124,4096,3.03,-1.6,-1.6,-1.6,-1.6
97,-178,473,4096,11.55,49.1,53.8,51.35,51.58
97,-179,4059,4096,99.1,53.3,54.3,53.75,53.65
97,-28,28,4096,0.68,3.4,6.2,5.11,4.85
97,125,1534,4096,37.45,-1.6,-1.6,-1.6,-1.6
98,-178,2031,4096,49.58,46.4,49.8,48.09,48.16
98,125,3253,4096,79.42,-1.6,-1.6,-1.6,-1.6
99,-177,19,4096,0.46,44.3,46.7,45.27,45.18
99,-178,3600,4096,87.89,44.7,47.1,45.99,45.91
99,124,906,4096,22.12,-1.6,-1.6,-1.6,-1.6
